model,train_time_s,infer_time_s,accuracy,f1,precision_w,recall_w,roc_auc
logistic_regression,9.39844298362732,0.04014897346496582,0.9995874587458746,0.9995874603608618,0.9995878022440046,0.9995874587458746,0.9992081971677571
linear_svc,7.867663145065308,0.02095484733581543,0.9995874587458746,0.9995874603608618,0.9995878022440046,0.9995874587458746,0.9992852158224413
naive_bayes,0.973412036895752,0.0453188419342041,0.9985561056105611,0.9985561025999776,0.9985561845706832,0.998556105610561,0.19086473651960784
